{"XGBoost": [0.6423539535419361, 0.6764738617716609, 0.7167107562761049, 0.701510341747387, 0.7330630231548, 0.6758801144522589, 0.7181317316519248, 0.6265011433008555, 0.6711073134396527, 0.6796526857324549, 0.6729778715082118, 0.6868550674335376, 0.6195850011464712, 0.6506152894045856, 0.6946028838286529, 0.7459325829067746, 0.7386002360163508, 0.6289775384439005, 0.7269146068676098, 0.7368877462438634, 0.7287153179581101, 0.6675942640046816, 0.6928691554713894, 0.680612572463783, 0.7237131544061609, 0.6697816739211211, 0.7410673611872906, 0.7079115861171, 0.7071370936728812, 0.6994117653047717], "AdaBoost": [0.6161046023410645, 0.655139932652805, 0.7136481277986303, 0.6709379678802672, 0.7346469375293735, 0.684226679716407, 0.6844278279396212, 0.6332060294551093, 0.6774345170526266, 0.6557141938002169, 0.6506844053254383, 0.6603205918403079, 0.6551748597128623, 0.6825072255195364, 0.716310450492088, 0.7493234853117419, 0.7238569695041823, 0.6674366962324564, 0.7087304048939503, 0.7217950458551893, 0.7274667236787905, 0.6798306085788276, 0.701525464814306, 0.6879354379498759, 0.703171304956998, 0.6669977644458326, 0.7009671154472379, 0.7381583326079391, 0.6811837917812464, 0.7215824052628567], "Bagging": [0.7008209118209118, 0.7085283035283035, 0.7761930306930307, 0.7263344883344883, 0.7642257712257713, 0.7272866262866262, 0.8058168168168168, 0.6923663663663664, 0.7080819390819391, 0.701410494910495, 0.6839730899730899, 0.7177272727272728, 0.6527606177606177, 0.71444188994189, 0.7733276003276003, 0.7937691002691002, 0.7705343395343396, 0.7013486303486304, 0.7839193599193599, 0.7369390159390159, 0.747435220935221, 0.742955071955072, 0.7463618558618559, 0.7462474462474462, 0.7580181545181545, 0.6861283089812501, 0.7556220896220897, 0.7294847044847044, 0.768690013219425, 0.7434952224952225], "LASSO": [0.6702933574124749, 0.7012327684634656, 0.7787657435900969, 0.7415061584928024, 0.780693154885714, 0.7307367120032733, 0.7519613862454545, 0.6858190324014799, 0.7446539380889717, 0.7113212850153598, 0.6788703081286392, 0.7411108985091175, 0.702746547441782, 0.7338244186516474, 0.751407817299885, 0.7611570013835552, 0.7369770484995287, 0.7090387921706491, 0.7832361488445924, 0.7496813086649362, 0.7230083894094258, 0.7259174983051928, 0.7673454010077556, 0.7195400719473035, 0.7838161934805995, 0.7294021587456412, 0.7090207159519253, 0.7625183923947807, 0.7353312129071987, 0.7162584405911976], "SupportVec": [0.7190015396375488, 0.7082105164690112, 0.7863554127307288, 0.730914766418144, 0.8071519348072973, 0.7163787514735066, 0.7740646861949241, 0.7285201028457698, 0.7544885303314778, 0.7358868507316546, 0.709253655792541, 0.7469585568859478, 0.7194002702644097, 0.7224419915703849, 0.7710217782458244, 0.7918065931495921, 0.7824652783087516, 0.735213789558532, 0.790377140429872, 0.7516055677560963, 0.8071812937643241, 0.7153722843695047, 0.7921190509828254, 0.7584967035611677, 0.7958307024095774, 0.7143195209787527, 0.7440243106667106, 0.7359136701770366, 0.7436257096205653, 0.7752781178750748]}