{"XGBoost": [0.6648648648648648], "AdaBoost": [0.8702702702702703], "Bagging": [0.8], "LASSO": [0.751838540328342], "SupportVec": [0.827027027027027]}