{"XGBoost": [0.7476865214270514], "AdaBoost": [0.7190409371976747], "Bagging": [0.7673370578370579], "LASSO": [0.751838540328342], "SupportVec": [0.784995161103278]}